Workbook

Sheet Raw_data
A1: OrderID | B1: Date | C1: CustomerID | D1: Product | E1: Quantity | F1: UnitPrice | G1: ShippingAddress | H1: PaymentMethod | I1: OrderStatus | J1: TrackingNumber | K1: ItemsInCart | L1: CouponCode | M1: ReferralSource | N1: TotalPrice | O1: Column1
A2: ORD200000 | B2: 44930 | C2: C72649 | D2: Monitor | E2: 5 | F2: 570.62 | G2: 928 Main St | H2: Debit Card | I2: Shipped | J2: TRK37947903 | K2: 7 | L2: SAVE10 | M2: Instagram | N2: 2853.1 | O2: =COUNTA(_xlfn.UNIQUE(C1:C1200)) -> 1189
A3: ORD200001 | B3: 45527 | C3: C75739 | D3: Phone | E3: 2 | F3: 151.35 | G3: 823 Main St | H3: Online | I3: Shipped | J3: TRK91186779 | K3: 3 | L3: SAVE10 | M3: Referral | N3: 302.7 | O3: =COUNTA(_xlfn.UNIQUE(C2:C1201)) -> 1189
A4: ORD200002 | B4: 45349 | C4: C81728 | D4: Tablet | E4: 5 | F4: 550.68 | G4: 512 Main St | H4: Credit Card | I4: Cancelled | J4: TRK42903982 | K4: 8 | L4: FREESHIP | M4: Email | N4: 2753.4 | O4: =COUNTA(_xlfn.UNIQUE(C3:C1202)) -> 1189
A5: ORD200003 | B5: 45214 | C5: C33540 | D5: Chair | E5: 1 | F5: 273.19 | G5: 275 Main St | H5: Debit Card | I5: Returned | J5: TRK62788070 | K5: 5 | L5: SAVE10 | M5: Facebook | N5: 273.19 | O5: =COUNTA(_xlfn.UNIQUE(C4:C1203)) -> 1188
A6: ORD200004 | B6: 45785 | C6: C81840 | D6: Printer | E6: 4 | F6: 626.01 | G6: 668 Main St | H6: Online | I6: Delivered | J6: TRK29241424 | K6: 8 | L6: SAVE10 | M6: Email | N6: 2504.04 | O6: =COUNTA(_xlfn.UNIQUE(C5:C1204)) -> 1187
A7: ORD200005 | B7: 45222 | C7: C37249 | D7: Phone | E7: 2 | F7: 245.86 | G7: 934 Main St | H7: Credit Card | I7: Shipped | J7: TRK72976927 | K7: 4 | L7: SAVE10 | M7: Instagram | N7: 491.72 | O7: =COUNTA(_xlfn.UNIQUE(C6:C1205)) -> 1186
A8: ORD200006 | B8: 45825 | C8: C83492 | D8: Laptop | E8: 1 | F8: 664.42 | G8: 986 Main St | H8: Gift Card | I8: Returned | J8: TRK96417362 | K8: 6 | L8: SAVE10 | M8: Facebook | N8: 664.42 | O8: =COUNTA(_xlfn.UNIQUE(C7:C1206)) -> 1185
A9: ORD200007 | B9: 45058 | C9: C41460 | D9: Monitor | E9: 5 | F9: 149.55 | G9: 706 Main St | H9: Cash | I9: Shipped | J9: TRK78809193 | K9: 9 | L9: FREESHIP | M9: Facebook | N9: 747.75 | O9: =COUNTA(_xlfn.UNIQUE(C8:C1207)) -> 1184
A10: ORD200008 | B10: 45749 | C10: C26817 | D10: Phone | E10: 2 | F10: 134.28 | G10: 904 Main St | H10: Gift Card | I10: Cancelled | J10: TRK61042692 | K10: 2 | L10: N/A | M10: Email | N10: 268.56 | O10: =COUNTA(_xlfn.UNIQUE(C9:C1208)) -> 1183
A11: ORD200009 | B11: 45251 | C11: C31946 | D11: Desk | E11: 4 | F11: 509.38 | G11: 102 Main St | H11: Credit Card | I11: Shipped | J11: TRK33478363 | K11: 6 | L11: SAVE10 | M11: Google | N11: 2037.52 | O11: =COUNTA(_xlfn.UNIQUE(C10:C1209)) -> 1182
A12: ORD200010 | B12: 45289 | C12: C43443 | D12: Tablet | E12: 5 | F12: 625.97 | G12: 333 Main St | H12: Credit Card | I12: Returned | J12: TRK98859248 | K12: 9 | L12: WINTER15 | M12: Instagram | N12: 3129.85 | O12: =COUNTA(_xlfn.UNIQUE(C11:C1210)) -> 1181
A13: ORD200011 | B13: 45339 | C13: C93861 | D13: Monitor | E13: 3 | F13: 49.14 | G13: 831 Main St | H13: Online | I13: Returned | J13: TRK48234646 | K13: 7 | L13: SAVE10 | M13: Email | N13: 147.42 | O13: =COUNTA(_xlfn.UNIQUE(C12:C1211)) -> 1180
... A1201: ORD201199 | B1201: 45088 | C1201: C57502 | D1201: Tablet | E1201: 4 | F1201: 560.58 | G1201: 201 Main St | H1201: Gift Card | I1201: Returned | J1201: TRK51116746 | K1201: 6 | L1201: SAVE10 | M1201: Referral | N1201: 2242.32 | O1201: =COUNTA(_xlfn.UNIQUE(C1200:C2399)) -> 3

Sheet EDA
A2: Product Analysis | E2: Payment Analysis | K2: Date Analysis
A3: Row Labels | B3: Count of OrderID | E3: Row Labels | F3: Count of OrderID | K3: Row Labels | L3: Sum of TotalPrice
A4: Chair | B4: 178 | E4: Cash | F4: 246 | K4: 2023 | L4: 552643.24
A5: Desk | B5: 170 | E5: Credit Card | F5: 234 | K5: Qtr1 | L5: 145412.78
A6: Laptop | B6: 173 | E6: Debit Card | F6: 232 | K6: Qtr2 | L6: 141088.74
A7: Monitor | B7: 163 | E7: Gift Card | F7: 230 | K7: Qtr3 | L7: 126699.47
A8: Phone | B8: 156 | E8: Online | F8: 258 | K8: Qtr4 | L8: 139442.25
A9: Printer | B9: 181 | E9: Grand Total | F9: 1200 | K9: 2024 | L9: 480235.87
A10: Tablet | B10: 179 | K10: Qtr1 | L10: 111468.55
A11: Grand Total | B11: 1200 | K11: Qtr2 | L11: 145590.79
K12: Qtr3 | L12: 114750.03
F13: Order Status Analysis | K13: Qtr4 | L13: 108426.5
A14: Outlier Analysis | F14: Row Labels | G14: Count of OrderID | K14: 2025 | L14: 231882.85
A15: Q1 | B15: =QUARTILE(cleaned_data!N2:N1201,1) -> 410.52 | F15: Cancelled | G15: 250 | K15: Qtr1 | L15: 103617.61
A16: Q3 | B16: =QUARTILE(cleaned_data!N2:N1201,3) -> 1578.475 | D16: No of outliers | F16: Delivered | G16: 231 | K16: Qtr2 | L16: 128265.24
A17: IQR | B17: =B16-B15 -> 1167.955 | D17: =COUNTIF(cleaned_data!N2:N1201,">"&3330.4075) -> 8 | F17: Pending | G17: 237 | K17: Grand Total | L17: 1264762
A18: Lower Bound | B18: =B15-(1.5*B17) -> -1341.4125 | F18: Returned | G18: 247
A19: Upper Bound | B19: =B16+(1.5*B17) -> 3330.4075 | F19: Shipped | G19: 235
F20: Grand Total | G20: 1200
A24: Row Labels | B24: Count of OrderID
A25: Email | B25: 250
A26: Facebook | B26: 228 | D26: =COUNTIF(cleaned_data!L2:L1201,"N/A") -> 309
A27: Google | B27: 241 | D27: =COUNTIF(cleaned_data!L2:L1201,"<>N/A") -> 891
A28: Instagram | B28: 259
A29: Referral | B29: 222
A30: Grand Total | B30: 1200
A37: Row Labels | B37: Sum of TotalPrice
A38: 2023 | B38: 552643.24
A39: Qtr1 | B39: 145412.78
A40: Qtr2 | B40: 141088.74
A41: Qtr3 | B41: 126699.47
A42: Qtr4 | B42: 139442.25
A43: 2024 | B43: 480235.87
A44: Qtr1 | B44: 111468.55
A45: Qtr2 | B45: 145590.79
A46: Qtr3 | B46: 114750.03
A47: Qtr4 | B47: 108426.5
A48: 2025 | B48: 231882.85
A49: Qtr1 | B49: 103617.61
... A51: Grand Total | B51: 1264762

Sheet cleaned_data
A1: OrderID | B1: Date | C1: CustomerID | D1: Product | E1: Quantity | F1: UnitPrice | G1: ShippingAddress | H1: PaymentMethod | I1: OrderStatus | J1: TrackingNumber | K1: ItemsInCart | L1: CouponCode | M1: ReferralSource | N1: TotalPrice | O1: coupon_usage
A2: ORD200000 | B2: 44930 | C2: C72649 | D2: Monitor | E2: 5 | F2: 570.62 | G2: 928 Main St | H2: Debit Card | I2: Shipped | J2: TRK37947903 | K2: 7 | L2: SAVE10 | M2: Instagram | N2: 2853.1 | O2: =IF(Table2[[#This Row],[CouponCode]]="N/A", "Not Used", "Used") -> Used
A3: ORD200001 | B3: 45527 | C3: C75739 | D3: Phone | E3: 2 | F3: 151.35 | G3: 823 Main St | H3: Online | I3: Shipped | J3: TRK91186779 | K3: 3 | L3: SAVE10 | M3: Referral | N3: 302.7 | O3: =IF(Table2[[#This Row],[CouponCode]]="N/A", "Not Used", "Used") -> Used
A4: ORD200002 | B4: 45349 | C4: C81728 | D4: Tablet | E4: 5 | F4: 550.68 | G4: 512 Main St | H4: Credit Card | I4: Cancelled | J4: TRK42903982 | K4: 8 | L4: FREESHIP | M4: Email | N4: 2753.4 | O4: =IF(Table2[[#This Row],[CouponCode]]="N/A", "Not Used", "Used") -> Used
A5: ORD200003 | B5: 45214 | C5: C33540 | D5: Chair | E5: 1 | F5: 273.19 | G5: 275 Main St | H5: Debit Card | I5: Returned | J5: TRK62788070 | K5: 5 | L5: SAVE10 | M5: Facebook | N5: 273.19 | O5: =IF(Table2[[#This Row],[CouponCode]]="N/A", "Not Used", "Used") -> Used
A6: ORD200004 | B6: 45785 | C6: C81840 | D6: Printer | E6: 4 | F6: 626.01 | G6: 668 Main St | H6: Online | I6: Delivered | J6: TRK29241424 | K6: 8 | L6: SAVE10 | M6: Email | N6: 2504.04 | O6: =IF(Table2[[#This Row],[CouponCode]]="N/A", "Not Used", "Used") -> Used
A7: ORD200005 | B7: 45222 | C7: C37249 | D7: Phone | E7: 2 | F7: 245.86 | G7: 934 Main St | H7: Credit Card | I7: Shipped | J7: TRK72976927 | K7: 4 | L7: SAVE10 | M7: Instagram | N7: 491.72 | O7: =IF(Table2[[#This Row],[CouponCode]]="N/A", "Not Used", "Used") -> Used
A8: ORD200006 | B8: 45825 | C8: C83492 | D8: Laptop | E8: 1 | F8: 664.42 | G8: 986 Main St | H8: Gift Card | I8: Returned | J8: TRK96417362 | K8: 6 | L8: SAVE10 | M8: Facebook | N8: 664.42 | O8: =IF(Table2[[#This Row],[CouponCode]]="N/A", "Not Used", "Used") -> Used
A9: ORD200007 | B9: 45058 | C9: C41460 | D9: Monitor | E9: 5 | F9: 149.55 | G9: 706 Main St | H9: Cash | I9: Shipped | J9: TRK78809193 | K9: 9 | L9: FREESHIP | M9: Facebook | N9: 747.75 | O9: =IF(Table2[[#This Row],[CouponCode]]="N/A", "Not Used", "Used") -> Used
A10: ORD200008 | B10: 45749 | C10: C26817 | D10: Phone | E10: 2 | F10: 134.28 | G10: 904 Main St | H10: Gift Card | I10: Cancelled | J10: TRK61042692 | K10: 2 | L10: N/A | M10: Email | N10: 268.56 | O10: =IF(Table2[[#This Row],[CouponCode]]="N/A", "Not Used", "Used") -> Not Used
A11: ORD200009 | B11: 45251 | C11: C31946 | D11: Desk | E11: 4 | F11: 509.38 | G11: 102 Main St | H11: Credit Card | I11: Shipped | J11: TRK33478363 | K11: 6 | L11: SAVE10 | M11: Google | N11: 2037.52 | O11: =IF(Table2[[#This Row],[CouponCode]]="N/A", "Not Used", "Used") -> Used
A12: ORD200010 | B12: 45289 | C12: C43443 | D12: Tablet | E12: 5 | F12: 625.97 | G12: 333 Main St | H12: Credit Card | I12: Returned | J12: TRK98859248 | K12: 9 | L12: WINTER15 | M12: Instagram | N12: 3129.85 | O12: =IF(Table2[[#This Row],[CouponCode]]="N/A", "Not Used", "Used") -> Used
A13: ORD200011 | B13: 45339 | C13: C93861 | D13: Monitor | E13: 3 | F13: 49.14 | G13: 831 Main St | H13: Online | I13: Returned | J13: TRK48234646 | K13: 7 | L13: SAVE10 | M13: Email | N13: 147.42 | O13: =IF(Table2[[#This Row],[CouponCode]]="N/A", "Not Used", "Used") -> Used
... A1201: ORD201199 | B1201: 45088 | C1201: C57502 | D1201: Tablet | E1201: 4 | F1201: 560.58 | G1201: 201 Main St | H1201: Gift Card | I1201: Returned | J1201: TRK51116746 | K1201: 6 | L1201: SAVE10 | M1201: Referral | N1201: 2242.32 | O1201: =IF(Table2[[#This Row],[CouponCode]]="N/A", "Not Used", "Used") -> Used

Sheet change summary
